26.019468236426633,24.826802613654934,0
26.019468236426633,24.826802613654934,3.5
26.019468236426633,24.826802613654934,3.5
26.019468236426633,24.826802613654934,3.5
26.019468236426633,24.826802613654934,3.5
26.019468236426633,24.826802613654934,3.5
26.019468236426633,24.826802613654934,3.5
26.019468236426633,24.876412647679444,3.5
26.019468236426633,24.826802613654934,3.311867999999995
26.019468236426633,24.826802613654934,3.5
26.019468236426633,24.876412647679444,3.5
26.019468236426633,24.876412647679444,3.315239999999995
26.019468236426633,24.876412647679444,3.3276039999999947
26.019468236426633,24.876412647679444,3.341091999999995
26.019468236426633,24.876412647679444,3.355703999999995
26.019468236426633,24.876412647679444,3.371439999999995
26.019468236426633,24.876412647679444,3.3882999999999948
26.019468236426633,24.876412647679444,3.406283999999995
26.019468236426633,24.876412647679444,3.425391999999995
26.019468236426633,24.876412647679444,3.445623999999995
26.019468236426633,24.876412647679444,3.466979999999995
26.019468236426633,24.876412647679444,3.489459999999995
26.019468236426633,24.876412647679444,3.5
26.019468236426633,24.876412647679444,3.5
26.019468236426633,24.876412647679444,3.5
26.019468236426633,24.876412647679444,3.5
26.019468236426633,24.926038254052344,3.5
26.019468236426633,24.876412647679444,3.331949999999995
26.019468236426633,24.876412647679444,3.5
26.019468236426633,24.926038254052344,3.5
26.019468236426633,24.926038254052344,3.335174999999995
26.019468236426633,24.926038254052344,3.367424999999995
26.019468236426633,24.926038254052344,3.400749999999995
26.019468236426633,24.926038254052344,3.435149999999995
26.019468236426633,24.926038254052344,3.4706249999999947
26.019468236426633,24.926038254052344,3.5
26.019468236426633,24.926038254052344,3.5
26.019468236426633,24.926038254052344,3.5
26.019468236426633,24.926038254052344,3.5
26.019468236426633,24.926038254052344,3.5
26.019468236426633,24.926038254052344,3.5
26.019468236426633,24.975679821584777,3.5
26.019468236426633,24.975679821584777,3.346066000000013
26.019468236426633,24.975679821584777,3.389158000000013
26.019468236426633,24.975679821584777,3.433276000000013
26.019468236426633,24.975679821584777,3.478420000000013
26.019468236426633,24.975679821584777,3.5
26.019468236426633,24.926038254052344,3.5
26.019468236426633,24.975679821584777,3.5
26.019468236426633,24.975679821584777,3.3532480000000127
26.019468236426633,24.975679821584777,3.4035220000000126
26.019468236426633,24.975679821584777,3.4548220000000125
26.019468236426633,24.975679821584777,3.5
26.019468236426633,25.02432414667004,3.5
26.019468236426633,25.02432414667004,3.3598339999999856
26.019468236426633,25.02432414667004,3.4126459999999854
26.019468236426633,25.02432414667004,3.466435999999985
26.019468236426633,25.02432414667004,3.5
26.019468236426633,25.02432414667004,3.5
26.019468236426633,25.02432414667004,3.5
26.019468236426633,25.02432414667004,3.5
26.019468236426633,25.07399845938221,3.5
26.019468236426633,25.07399845938221,3.360669000000013
26.019468236426633,25.07399845938221,3.418267000000013
26.019468236426633,25.07399845938221,3.4767940000000133
26.019468236426633,25.07399845938221,3.5
26.019468236426633,25.07399845938221,3.5
26.019468236426633,25.07399845938221,3.5
26.019468236426633,25.123689894709287,3.5
26.019468236426633,25.123689894709287,3.363839999999995
26.019468236426633,25.123689894709287,3.4245599999999947
26.019468236426633,25.123689894709287,3.4861599999999946
26.019468236426633,25.123689894709287,3.5
26.019468236426633,25.123689894709287,3.5
26.019468236426633,25.173398843507528,3.5
26.019468236426633,25.173398843507528,3.365493999999995
26.019468236426633,25.123689894709287,3.427818999999995
26.019468236426633,25.173398843507528,3.5
26.019468236426633,25.173398843507528,3.367986999999995
26.019468236426633,25.173398843507528,3.4328049999999948
26.019468236426633,25.173398843507528,3.498453999999995
26.019468236426633,25.173398843507528,3.5
26.019468236426633,25.173398843507528,3.5
26.019468236426633,25.173398843507528,3.5
26.019468236426633,25.223125697192586,3.5
26.019468236426633,25.223125697192586,3.369688000000013
26.019468236426633,25.223125697192586,3.436158000000013
26.019468236426633,25.223125697192586,3.5
26.019468236426633,25.223125697192586,3.5
26.019468236426633,25.223125697192586,3.5
26.019468236426633,25.223125697192586,3.5
26.019468236426633,25.223125697192586,3.5
26.019468236426633,25.2728708477577,3.5
26.019468236426633,25.2728708477577,3.371435999999995
26.019468236426633,25.2728708477577,3.4396049999999954
26.019468236426633,25.2728708477577,3.5
26.019468236426633,25.2728708477577,3.5
26.019468236426633,25.2728708477577,3.5
26.019468236426633,25.322634687792743,3.5
26.019468236426633,25.322634687792743,3.371031999999995
26.019468236426633,25.322634687792743,3.438747999999995
26.019468236426633,25.322634687792743,3.5
26.019468236426633,25.322634687792743,3.5
26.019468236426633,25.322634687792743,3.5
26.019468236426633,25.322634687792743,3.5
26.019468236426633,25.372417610501714,3.5
26.019468236426633,25.372417610501714,3.370674999999995
26.019468236426633,25.372417610501714,3.437984999999995
26.019468236426633,25.372417610501714,3.5
26.019468236426633,25.372417610501714,3.5
26.019468236426633,25.372417610501714,3.5
26.019468236426633,25.372417610501714,3.5
26.019468236426633,25.42120343694313,3.5
26.019468236426633,25.42120343694313,3.3737440000000034
26.019468236426633,25.42120343694313,3.4400750000000033
26.019468236426633,25.42120343694313,3.5
26.019468236426633,25.42120343694313,3.5
26.019468236426633,25.42120343694313,3.5
26.019468236426633,25.42120343694313,3.5
26.019468236426633,25.42120343694313,3.5
26.019468236426633,25.471025297686424,3.5
26.019468236426633,25.471025297686424,3.3685599999999947
26.019468236426633,25.471025297686424,3.4336579999999945
26.019468236426633,25.471025297686424,3.4992939999999946
26.019468236426633,25.471025297686424,3.5
26.019468236426633,25.471025297686424,3.5
26.019468236426633,25.520867416519195,3.5
26.019468236426633,25.520867416519195,3.3656140000000128
26.019468236426633,25.520867416519195,3.427717000000013
26.019468236426633,25.520867416519195,3.490309000000013
26.019468236426633,25.520867416519195,3.5
26.019468236426633,25.520867416519195,3.5
26.019468236426633,25.570730189276276,3.5
26.019468236426633,25.520867416519195,3.362079999999995
26.019468236426633,25.520867416519195,3.5
26.019468236426633,25.520867416519195,3.5
26.019468236426633,25.570730189276276,3.5
26.019468236426633,25.570730189276276,3.363839999999995
26.019468236426633,25.570730189276276,3.424119999999995
26.019468236426633,25.570730189276276,3.484839999999995
26.019468236426633,25.570730189276276,3.5
26.019468236426633,25.570730189276276,3.5
26.019468236426633,25.570730189276276,3.5
26.019468236426633,25.620614012500084,3.5
26.019468236426633,25.620614012500084,3.359912999999995
26.019468236426633,25.620614012500084,3.4162169999999947
26.019468236426633,25.620614012500084,3.4729119999999947
26.019468236426633,25.620614012500084,3.5
26.019468236426633,25.620614012500084,3.5
26.019468236426633,25.620614012500084,3.5
26.019468236426633,25.570730189276276,3.5
26.019468236426633,25.620614012500084,3.5
26.019468236426633,25.670519283459612,3.3630409999999946
26.019468236426633,25.72044640016918,3.219025000000008
26.019468236426633,25.670519283459612,3.0678540000000027
26.019468236426633,25.670519283459612,3.316522000000008
26.019468236426633,25.670519283459612,3.3695320000000084
26.019468236426633,25.670519283459612,3.4228840000000087
26.019468236426633,25.670519283459612,3.4765780000000093
26.019468236426633,25.670519283459612,3.5
26.019468236426633,25.72044640016918,3.5
26.019468236426633,25.72044640016918,3.350879999999995
26.019468236426633,25.72044640016918,3.3980529999999955
26.019468236426633,25.72044640016918,3.4455189999999956
26.019468236426633,25.72044640016918,3.4932779999999957
26.019468236426633,25.72044640016918,3.5
26.019468236426633,25.72044640016918,3.5
26.019468236426633,25.770395761407542,3.5
26.019468236426633,25.770395761407542,3.3447479999999947
26.019468236426633,25.72044640016918,3.385739999999995
26.019468236426633,25.770395761407542,3.5
26.019468236426633,25.770395761407542,3.345479999999995
26.019468236426633,25.770395761407542,3.3872039999999948
26.019468236426633,25.770395761407542,3.4291719999999946
26.019468236426633,25.819347700907713,3.4713839999999947
26.019468236426633,25.770395761407542,3.313487999999998
26.019468236426633,25.819347700907713,3.5
26.019468236426633,25.819347700907713,3.3424960000000037
26.019468236426633,25.819347700907713,3.377188000000004
26.019468236426633,25.819347700907713,3.412076000000004
26.019468236426633,25.819347700907713,3.4471600000000038
26.019468236426633,25.819347700907713,3.482440000000004
26.019468236426633,25.819347700907713,3.5
26.019468236426633,25.819347700907713,3.5
26.019468236426633,25.819347700907713,3.5
26.019468236426633,25.819347700907713,3.5
26.019468236426633,25.869342276390967,3.5
26.019468236426633,25.869342276390967,3.331341999999995
26.019468236426633,25.869342276390967,3.358830999999995
26.019468236426633,25.869342276390967,3.386466999999995
26.019468236426633,25.869342276390967,3.4142499999999947
26.019468236426633,25.869342276390967,3.4421799999999947
26.019468236426633,25.869342276390967,3.4702569999999944
26.019468236426633,25.819347700907713,3.498480999999994
26.019468236426633,25.91936028932139,3.5
26.019468236426633,25.91936028932139,3.127012000000008
26.019468236426633,25.91936028932139,3.1461220000000085
26.019468236426633,25.91936028932139,3.165330000000009
26.019468236426633,25.91936028932139,3.1846360000000096
26.019468236426633,25.91936028932139,3.20404000000001
26.019468236426633,25.91936028932139,3.223542000000011
26.019468236426633,25.91936028932139,3.2431420000000113
26.019468236426633,25.969402141709622,3.2628400000000117
26.019468236426633,25.969402141709622,3.076738000000007
26.019468236426633,25.969402141709622,3.0866850000000072
26.019468236426633,25.969402141709622,3.0966810000000073
26.019468236426633,25.969402141709622,3.1067260000000076
26.019468236426633,26.019468236426633,3.1168200000000077
26.019468236426633,25.969402141709622,2.9208200000000026
26.019468236426633,25.969402141709622,3.127012000000008
26.019468236426633,26.019468236426633,3.1372530000000083
26.019468236426633,26.019468236426633,2.9412530000000032
26.019468236426633,26.019468236426633,2.9412530000000032
26.019468236426633,26.019468236426633,2.9412530000000032
26.019468236426633,26.019468236426633,2.9412530000000032
26.019468236426633,26.019468236426633,2.9412530000000032
26.019468236426633,26.019468236426633,2.9412530000000032
26.019468236426633,26.019468236426633,2.9412530000000032
26.019468236426633,26.019468236426633,2.9412530000000032
26.019468236426633,26.069558977223096,2.9412530000000032
26.019468236426633,26.019468236426633,2.734521999999998
26.019468236426633,26.069558977223096,2.930522000000003
26.019468236426633,26.069558977223096,2.7236929999999977
26.019468236426633,26.069558977223096,2.7128149999999973
26.019468236426633,26.069558977223096,2.701887999999997
26.019468236426633,26.069558977223096,2.690911999999997
26.019468236426633,26.069558977223096,2.6798869999999964
26.019468236426633,26.069558977223096,2.668812999999996
26.019468236426633,26.069558977223096,2.6576899999999957
26.019468236426633,26.069558977223096,2.6465179999999955
26.019468236426633,26.11967476874895,2.635296999999995
26.019468236426633,26.11967476874895,2.416757000000008
26.019468236426633,26.11967476874895,2.3941190000000083
26.019468236426633,26.11967476874895,2.3713830000000087
26.019468236426633,26.11967476874895,2.348549000000009
26.019468236426633,26.11967476874895,2.3256170000000096
26.019468236426633,26.11967476874895,2.30258700000001
26.019468236426633,26.11967476874895,2.279459000000011
26.019468236426633,26.11967476874895,2.256233000000011
26.019468236426633,26.11967476874895,2.2329090000000114
26.019468236426633,26.11967476874895,2.2094870000000117
26.019468236426633,26.11967476874895,2.185967000000012
26.019468236426633,26.11967476874895,2.1623490000000127
26.019468236426633,26.11967476874895,2.1386330000000133
26.019468236426633,26.11967476874895,2.114819000000014
26.019468236426633,26.16981601657301,2.0909070000000143
26.019468236426633,26.16981601657301,1.8588920000000093
26.019468236426633,26.16981601657301,1.8227300000000095
26.019468236426633,26.16981601657301,1.7864210000000096
26.019468236426633,26.16981601657301,1.7499650000000098
26.019468236426633,26.16981601657301,1.7133620000000098
26.019468236426633,26.16981601657301,1.67661200000001
26.019468236426633,26.16981601657301,1.6397150000000102
26.019468236426633,26.16981601657301,1.6026710000000104
26.019468236426633,26.16981601657301,1.5654800000000106
26.019468236426633,26.16981601657301,1.5281420000000108
26.019468236426633,26.16981601657301,1.490657000000011
26.019468236426633,26.16981601657301,1.4530250000000111
26.019468236426633,26.16981601657301,1.4152460000000113
26.019468236426633,26.16981601657301,1.3773200000000114
26.019468236426633,26.16981601657301,1.3392470000000116
26.019468236426633,26.218959047412454,1.3010270000000117
26.019468236426633,26.16981601657301,1.0581320000000154
26.019468236426633,26.16981601657301,1.211618000000012
26.019468236426633,26.16981601657301,1.1729570000000122
26.019468236426633,26.16981601657301,1.1341490000000125
26.019468236426633,26.218959047412454,1.0951940000000127
26.019468236426633,26.16981601657301,0.8513240000000164
26.019468236426633,26.16981601657301,1.0040750000000132
26.019468236426633,26.16981601657301,0.9646790000000133
26.019468236426633,26.16981601657301,0.9251360000000135
26.019468236426633,26.16981601657301,0.8854460000000137
26.019468236426633,26.16981601657301,0.8456090000000139
26.019468236426633,26.11967476874895,0.8056250000000141
26.019468236426633,26.16981601657301,0.9748710000000198
26.019468236426633,26.16981601657301,0.7385930000000149
26.019468236426633,26.16981601657301,0.6981680000000151
26.019468236426633,26.16981601657301,0.6575960000000153
26.019468236426633,26.16981601657301,0.6168770000000154
26.019468236426633,26.16981601657301,0.5760110000000156
26.019468236426633,26.16981601657301,0.5349980000000157
26.019468236426633,26.16981601657301,0.49383800000001593
26.019468236426633,26.16981601657301,0.4525310000000161
26.019468236426633,26.16981601657301,0.4110770000000163
26.019468236426633,26.16981601657301,0.36947600000001646
26.019468236426633,26.16981601657301,0.3277280000000167
26.019468236426633,26.16981601657301,0.2858330000000169
26.019468236426633,26.16981601657301,0.24379100000001708
26.019468236426633,26.16981601657301,0.20160200000001727
26.019468236426633,26.16981601657301,0.15926600000001745
26.019468236426633,26.16981601657301,0.11678300000001764
26.019468236426633,26.16981601657301,0.07415300000001782
26.019468236426633,26.16981601657301,0.031376000000018
26.019468236426633,26.11967476874895,0
26.019468236426633,26.16981601657301,0.16728600000000562
26.019468236426633,26.16981601657301,0
26.019468236426633,26.16981601657301,0
26.019468236426633,26.11967476874895,0
26.019468236426633,26.11967476874895,0.16689400000000562
26.019468236426633,26.11967476874895,0.1376900000000062
26.019468236426633,26.11967476874895,0.10838800000000677
26.019468236426633,26.11967476874895,0.07898800000000734
26.019468236426633,26.11967476874895,0.04949000000000792
26.019468236426633,26.11967476874895,0.019894000000008495
26.019468236426633,26.11967476874895,0
26.019468236426633,26.11967476874895,0
26.019468236426633,26.11967476874895,0
26.019468236426633,26.11967476874895,0
26.019468236426633,26.11967476874895,0
26.019468236426633,26.11967476874895,0
26.019468236426633,26.11967476874895,0
26.019468236426633,26.11967476874895,0
26.019468236426633,26.11967476874895,0
26.019468236426633,26.069558977223096,0
26.019468236426633,26.11967476874895,0.1806629999999869
26.019468236426633,26.069558977223096,0
26.019468236426633,26.069558977223096,0.1805649999999869
26.019468236426633,26.069558977223096,0.1650809999999865
26.019468236426633,26.069558977223096,0.14954799999998608
26.019468236426633,26.069558977223096,0.13396599999998568
26.019468236426633,26.069558977223096,0.11833499999998529
26.019468236426633,26.069558977223096,0.10265499999998488
26.019468236426633,26.069558977223096,0.08692599999998447
26.019468236426633,26.069558977223096,0.07114799999998406
26.019468236426633,26.069558977223096,0.05532099999998365
26.019468236426633,26.069558977223096,0.039444999999983237
26.019468236426633,26.069558977223096,0.023519999999982825
26.019468236426633,26.069558977223096,0.0075459999999824105
26.019468236426633,26.069558977223096,0
26.019468236426633,26.019468236426633,0
26.019468236426633,26.069558977223096,0.19600000000000506
26.019468236426633,26.019468236426633,0
26.019468236426633,26.019468236426633,0.19600000000000506
26.019468236426633,26.019468236426633,0.19600000000000506
26.019468236426633,26.019468236426633,0.19600000000000506
26.019468236426633,26.019468236426633,0.19600000000000506
26.019468236426633,26.019468236426633,0.19600000000000506
26.019468236426633,26.019468236426633,0.19600000000000506
26.019468236426633,26.019468236426633,0.19600000000000506
26.019468236426633,26.019468236426633,0.19600000000000506
26.019468236426633,26.019468236426633,0.19600000000000506
26.019468236426633,25.969402141709622,0.19600000000000506
26.019468236426633,25.969402141709622,0.40870900000001054
26.019468236426633,25.969402141709622,0.425467000000011
26.019468236426633,25.969402141709622,0.44227400000001144
26.019468236426633,25.969402141709622,0.45913000000001186
26.019468236426633,25.969402141709622,0.4760350000000123
26.019468236426633,25.969402141709622,0.4929890000000127
26.019468236426633,25.969402141709622,0.5099920000000132
26.019468236426633,25.969402141709622,0.5270440000000136
26.019468236426633,25.969402141709622,0.5441450000000141
26.019468236426633,25.969402141709622,0.5612950000000145
26.019468236426633,25.91936028932139,0.5784940000000149
26.019468236426633,25.91936028932139,0.8089900000000209
26.019468236426633,25.91936028932139,0.8435840000000218
26.019468236426633,25.91936028932139,0.8782760000000227
26.019468236426633,25.91936028932139,0.9130660000000236
26.019468236426633,25.91936028932139,0.9479540000000245
26.019468236426633,25.91936028932139,0.9829400000000255
26.019468236426633,25.91936028932139,1.0180240000000265
26.019468236426633,25.91936028932139,1.0532060000000274
26.019468236426633,25.91936028932139,1.0884860000000283
26.019468236426633,25.91936028932139,1.123864000000029
26.019468236426633,25.91936028932139,1.15934000000003
26.019468236426633,25.91936028932139,1.194914000000031
26.019468236426633,25.869342276390967,1.2305860000000317
26.019468236426633,25.869342276390967,1.4802410000000188
26.019468236426633,25.869342276390967,1.5340430000000185
26.019468236426633,25.869342276390967,1.5879920000000183
26.019468236426633,25.869342276390967,1.642088000000018
26.019468236426633,25.869342276390967,1.6963310000000178
26.019468236426633,25.869342276390967,1.7507210000000175
26.019468236426633,25.869342276390967,1.8052580000000173
26.019468236426633,25.869342276390967,1.859942000000017
26.019468236426633,25.869342276390967,1.914773000000017
26.019468236426633,25.869342276390967,1.9697510000000167
26.019468236426633,25.869342276390967,2.0248760000000163
26.019468236426633,25.869342276390967,2.080148000000016
26.019468236426633,25.819347700907713,2.1355670000000155
26.019468236426633,25.819347700907713,2.4056550000000207
26.019468236426633,25.819347700907713,2.479939000000021
26.019468236426633,25.819347700907713,2.5544190000000215
26.019468236426633,25.819347700907713,2.6290950000000217
26.019468236426633,25.819347700907713,2.7039670000000218
26.019468236426633,25.819347700907713,2.779035000000022
26.019468236426633,25.819347700907713,2.8542990000000223
26.019468236426633,25.819347700907713,2.9297590000000224
26.019468236426633,25.819347700907713,3.005415000000023
26.019468236426633,25.819347700907713,3.081267000000023
26.019468236426633,25.819347700907713,3.157315000000023
26.019468236426633,25.819347700907713,3.2335590000000236
26.019468236426633,25.819347700907713,3.309999000000024
26.019468236426633,25.770395761407542,3.386635000000024
26.019468236426633,25.770395761407542,3.5
26.019468236426633,25.770395761407542,3.5
26.019468236426633,25.770395761407542,3.5
26.019468236426633,25.770395761407542,3.5
26.019468236426633,25.770395761407542,3.5
26.019468236426633,25.770395761407542,3.5
26.019468236426633,25.770395761407542,3.5
26.019468236426633,25.770395761407542,3.5
26.019468236426633,25.770395761407542,3.5
26.019468236426633,25.770395761407542,3.5
26.019468236426633,25.770395761407542,3.5
26.019468236426633,25.770395761407542,3.5
26.019468236426633,25.770395761407542,3.5
26.019468236426633,25.72044640016918,3.5
26.019468236426633,25.72044640016918,3.5
26.019468236426633,25.770395761407542,3.5
26.019468236426633,25.72044640016918,3.403551999999995
26.019468236426633,25.770395761407542,3.5
26.019468236426633,25.72044640016918,3.404039999999995
26.019468236426633,25.770395761407542,3.5
26.019468236426633,25.770395761407542,3.4045279999999947
26.019468236426633,25.72044640016918,3.5
26.019468236426633,25.770395761407542,3.5
26.019468236426633,25.72044640016918,3.405259999999995
26.019468236426633,25.72044640016918,3.5
26.019468236426633,25.72044640016918,3.5
26.019468236426633,25.72044640016918,3.5
26.019468236426633,25.72044640016918,3.5
26.019468236426633,25.72044640016918,3.5
26.019468236426633,25.72044640016918,3.5
26.019468236426633,25.72044640016918,3.5
26.019468236426633,25.72044640016918,3.5
26.019468236426633,25.72044640016918,3.5
26.019468236426633,25.72044640016918,3.5
26.019468236426633,25.72044640016918,3.5
26.019468236426633,25.72044640016918,3.5
26.019468236426633,25.72044640016918,3.5
26.019468236426633,25.72044640016918,3.5
26.019468236426633,25.770395761407542,3.5
26.019468236426633,25.770395761407542,3.4091639999999948
26.019468236426633,25.72044640016918,3.5
26.019468236426633,25.770395761407542,3.5
26.019468236426633,25.770395761407542,3.409895999999995
26.019468236426633,25.770395761407542,3.5
26.019468236426633,25.770395761407542,3.5
26.019468236426633,25.770395761407542,3.5
26.019468236426633,25.770395761407542,3.5
26.019468236426633,25.770395761407542,3.5
26.019468236426633,25.770395761407542,3.5
26.019468236426633,25.770395761407542,3.5
26.019468236426633,25.770395761407542,3.5
26.019468236426633,25.770395761407542,3.5
26.019468236426633,25.770395761407542,3.5
26.019468236426633,25.770395761407542,3.5
26.019468236426633,25.770395761407542,3.5
26.019468236426633,25.770395761407542,3.5
26.019468236426633,25.770395761407542,3.5
26.019468236426633,25.770395761407542,3.5
26.019468236426633,25.770395761407542,3.5
26.019468236426633,25.819347700907713,3.5
26.019468236426633,25.819347700907713,3.3965920000000036
26.019468236426633,25.819347700907713,3.4853800000000037
26.019468236426633,25.819347700907713,3.5
26.019468236426633,25.819347700907713,3.5
26.019468236426633,25.819347700907713,3.5
26.019468236426633,25.819347700907713,3.5
26.019468236426633,25.819347700907713,3.5
26.019468236426633,25.819347700907713,3.5
26.019468236426633,25.819347700907713,3.5
26.019468236426633,25.819347700907713,3.5
26.019468236426633,25.819347700907713,3.5
26.019468236426633,25.869342276390967,3.5
26.019468236426633,25.869342276390967,3.3722079999999948
26.019468236426633,25.869342276390967,3.4405629999999943
26.019468236426633,25.869342276390967,3.5
26.019468236426633,25.869342276390967,3.5
26.019468236426633,25.869342276390967,3.5
26.019468236426633,25.869342276390967,3.5
26.019468236426633,25.869342276390967,3.5
26.019468236426633,25.91936028932139,3.5
26.019468236426633,25.969402141709622,3.350256000000014
26.019468236426633,25.91936028932139,3.1774330000000095
26.019468236426633,25.91936028932139,3.419885000000016
26.019468236426633,25.91936028932139,3.466435000000017
26.019468236426633,25.91936028932139,3.5
26.019468236426633,25.91936028932139,3.5
26.019468236426633,25.91936028932139,3.5
26.019468236426633,25.91936028932139,3.5
26.019468236426633,25.91936028932139,3.5
26.019468236426633,25.869342276390967,3.5
26.019468236426633,25.91936028932139,3.5
26.019468236426633,25.969402141709622,3.351334000000014
26.019468236426633,25.969402141709622,3.1790500000000095
26.019468236426633,25.969402141709622,3.20281500000001
26.019468236426633,25.969402141709622,3.2266290000000106
26.019468236426633,25.969402141709622,3.250492000000011
26.019468236426633,25.969402141709622,3.2744040000000116
26.019468236426633,25.969402141709622,3.2983650000000124
26.019468236426633,25.969402141709622,3.322375000000013
26.019468236426633,25.969402141709622,3.3464340000000137
26.019468236426633,26.019468236426633,3.370542000000014
26.019468236426633,26.019468236426633,3.174542000000009
26.019468236426633,26.019468236426633,3.174542000000009
26.019468236426633,26.019468236426633,3.174542000000009
26.019468236426633,26.019468236426633,3.174542000000009
26.019468236426633,26.019468236426633,3.174542000000009
26.019468236426633,26.019468236426633,3.174542000000009
26.019468236426633,26.019468236426633,3.174542000000009
26.019468236426633,26.019468236426633,3.174542000000009
26.019468236426633,26.069558977223096,3.174542000000009
26.019468236426633,26.069558977223096,2.9539440000000035
26.019468236426633,26.069558977223096,2.9292970000000027
26.019468236426633,26.069558977223096,2.904601000000002
26.019468236426633,26.069558977223096,2.8798560000000015
26.019468236426633,26.069558977223096,2.855062000000001
26.019468236426633,26.069558977223096,2.8302190000000005
26.019468236426633,26.069558977223096,2.8053269999999997
26.019468236426633,26.069558977223096,2.780385999999999
26.019468236426633,26.11967476874895,2.7553959999999984
26.019468236426633,26.11967476874895,2.509318000000012
26.019468236426633,26.11967476874895,2.459142000000013
26.019468236426633,26.11967476874895,2.4088680000000138
26.019468236426633,26.11967476874895,2.358496000000015
26.019468236426633,26.11967476874895,2.308026000000016
26.019468236426633,26.11967476874895,2.257458000000017
26.019468236426633,26.11967476874895,2.206792000000018
26.019468236426633,26.11967476874895,2.1560280000000187
26.019468236426633,26.16981601657301,2.1051660000000196
26.019468236426633,26.16981601657301,1.832726000000015
26.019468236426633,26.16981601657301,1.7561390000000152
26.019468236426633,26.16981601657301,1.6794050000000156
26.019468236426633,26.16981601657301,1.6025240000000158
26.019468236426633,26.16981601657301,1.5254960000000162
26.019468236426633,26.16981601657301,1.4483210000000164
26.019468236426633,26.16981601657301,1.3709990000000167
26.019468236426633,26.16981601657301,1.2935300000000172
26.019468236426633,26.16981601657301,1.2159140000000175
26.019468236426633,26.16981601657301,1.138151000000018
26.019468236426633,26.218959047412454,1.0602410000000182
26.019468236426633,26.218959047412454,0.7646960000000224
26.019468236426633,26.218959047412454,0.6609560000000232
26.019468236426633,26.218959047412454,0.557021000000024
26.019468236426633,26.218959047412454,0.4528910000000248
26.019468236426633,26.218959047412454,0.3485660000000256
26.019468236426633,26.16981601657301,0.24404600000002635
26.019468236426633,26.218959047412454,0.3571070000000233
26.019468236426633,26.218959047412454,0.060197000000027506
26.019468236426633,26.218959047412454,0
26.019468236426633,26.218959047412454,0
26.019468236426633,26.218959047412454,0
26.019468236426633,26.218959047412454,0
26.019468236426633,26.26915188810716,0
26.019468236426633,26.26915188810716,0
26.019468236426633,26.26915188810716,0
26.019468236426633,26.26915188810716,0
26.019468236426633,26.26915188810716,0
26.019468236426633,26.26915188810716,0
26.019468236426633,26.26915188810716,0
26.019468236426633,26.26915188810716,0
26.019468236426633,26.26915188810716,0
26.019468236426633,26.26915188810716,0
26.019468236426633,26.26915188810716,0
26.019468236426633,26.26915188810716,0
26.019468236426633,26.26915188810716,0
26.019468236426633,26.26915188810716,0
26.019468236426633,26.26915188810716,0
26.019468236426633,26.26915188810716,0
26.019468236426633,26.26915188810716,0
26.019468236426633,26.26915188810716,0
26.019468236426633,26.26915188810716,0
26.019468236426633,26.26915188810716,0
26.019468236426633,26.26915188810716,0
26.019468236426633,26.26915188810716,0
26.019468236426633,26.26915188810716,0
26.019468236426633,26.26915188810716,0
26.019468236426633,26.26915188810716,0
26.019468236426633,26.26915188810716,0
26.019468236426633,26.26915188810716,0
26.019468236426633,26.218959047412454,0
26.019468236426633,26.26915188810716,0.0846550000000059
26.019468236426633,26.218959047412454,0
26.019468236426633,26.218959047412454,0.0842650000000059
26.019468236426633,26.218959047412454,0
26.019468236426633,26.218959047412454,0
26.019468236426633,26.218959047412454,0
26.019468236426633,26.26915188810716,0
26.019468236426633,26.218959047412454,0
26.019468236426633,26.218959047412454,0.08309500000000593
26.019468236426633,26.218959047412454,0
26.019468236426633,26.218959047412454,0
26.019468236426633,26.16981601657301,0
26.019468236426633,26.218959047412454,0.106298999999997
26.019468236426633,26.218959047412454,0
26.019468236426633,26.218959047412454,0
26.019468236426633,26.218959047412454,0
26.019468236426633,26.218959047412454,0
26.019468236426633,26.218959047412454,0
26.019468236426633,26.16981601657301,0
26.019468236426633,26.16981601657301,0.10526999999999699
26.019468236426633,26.16981601657301,0.01839299999999737
26.019468236426633,26.16981601657301,0
26.019468236426633,26.16981601657301,0
26.019468236426633,26.16981601657301,0
26.019468236426633,26.16981601657301,0
26.019468236426633,26.16981601657301,0
26.019468236426633,26.16981601657301,0
26.019468236426633,26.16981601657301,0
26.019468236426633,26.16981601657301,0
26.019468236426633,26.16981601657301,0
26.019468236426633,26.16981601657301,0
26.019468236426633,26.16981601657301,0
26.019468236426633,26.16981601657301,0
26.019468236426633,26.11967476874895,0
26.019468236426633,26.069558977223096,0.13671000000000622
26.019468236426633,26.11967476874895,0.30301599999999274
26.019468236426633,26.11967476874895,0.047530000000006595
26.019468236426633,26.11967476874895,0
26.019468236426633,26.11967476874895,0
26.019468236426633,26.11967476874895,0
26.019468236426633,26.11967476874895,0
26.019468236426633,26.11967476874895,0
26.019468236426633,26.11967476874895,0
26.019468236426633,26.11967476874895,0
26.019468236426633,26.069558977223096,0
26.019468236426633,26.11967476874895,0.16581599999998653
26.019468236426633,26.069558977223096,0
26.019468236426633,26.069558977223096,0.16571799999998651
26.019468236426633,26.069558977223096,0.13538699999998574
26.019468236426633,26.069558977223096,0.10500699999998496
26.019468236426633,26.069558977223096,0.07457799999998417
26.019468236426633,26.069558977223096,0.04409999999998339
26.019468236426633,26.069558977223096,0.013572999999982599
26.019468236426633,26.069558977223096,0
26.019468236426633,26.069558977223096,0
26.019468236426633,26.019468236426633,0
26.019468236426633,26.019468236426633,0.19600000000000506
26.019468236426633,26.019468236426633,0.19600000000000506
26.019468236426633,26.019468236426633,0.19600000000000506
26.019468236426633,26.019468236426633,0.19600000000000506
26.019468236426633,26.019468236426633,0.19600000000000506
26.019468236426633,26.019468236426633,0.19600000000000506
26.019468236426633,26.019468236426633,0.19600000000000506
26.019468236426633,26.019468236426633,0.19600000000000506
26.019468236426633,25.969402141709622,0.19600000000000506
26.019468236426633,26.019468236426633,0.4231640000000109
26.019468236426633,25.969402141709622,0.22716400000000586
26.019468236426633,25.969402141709622,0.4544260000000117
26.019468236426633,25.969402141709622,0.4857370000000125
26.019468236426633,25.969402141709622,0.5170970000000134
26.019468236426633,25.969402141709622,0.5485060000000141
26.019468236426633,25.969402141709622,0.5799640000000149
26.019468236426633,25.969402141709622,0.6114710000000158
26.019468236426633,25.969402141709622,0.6430270000000166
26.019468236426633,25.969402141709622,0.6746320000000173
26.019468236426633,25.91936028932139,0.7062860000000182
26.019468236426633,25.91936028932139,0.9656920000000249
26.019468236426633,25.91936028932139,1.0291960000000264
26.019468236426633,25.91936028932139,1.0927980000000281
26.019468236426633,25.91936028932139,1.1564980000000298
26.019468236426633,25.91936028932139,1.2202960000000314
26.019468236426633,25.91936028932139,1.284192000000033
26.019468236426633,25.91936028932139,1.3481860000000347
26.019468236426633,25.91936028932139,1.4122780000000363
26.019468236426633,25.869342276390967,1.476468000000038
26.019468236426633,25.869342276390967,1.768900000000025
26.019468236426633,25.869342276390967,1.8654790000000245
26.019468236426633,25.869342276390967,1.9622050000000242
26.019468236426633,25.869342276390967,2.059078000000024
26.019468236426633,25.869342276390967,2.1560980000000236
26.019468236426633,25.869342276390967,2.2532650000000234
26.019468236426633,25.869342276390967,2.350579000000023
26.019468236426633,25.869342276390967,2.4480400000000224
26.019468236426633,25.869342276390967,2.545648000000022
26.019468236426633,25.869342276390967,2.6434030000000215
26.019468236426633,25.869342276390967,2.741305000000021
26.019468236426633,25.869342276390967,2.8393540000000206
26.019468236426633,25.869342276390967,2.9375500000000203
26.019468236426633,25.819347700907713,3.0358930000000197
26.019468236426633,25.819347700907713,3.3632130000000253
26.019468236426633,25.819347700907713,3.4947290000000257
26.019468236426633,25.819347700907713,3.5
26.019468236426633,25.819347700907713,3.5
26.019468236426633,25.819347700907713,3.5
26.019468236426633,25.819347700907713,3.5
26.019468236426633,25.819347700907713,3.5
26.019468236426633,25.869342276390967,3.5
26.019468236426633,25.770395761407542,3.4036659999999945
26.019468236426633,25.770395761407542,3.5
26.019468236426633,25.770395761407542,3.5
26.019468236426633,25.770395761407542,3.5
26.019468236426633,25.770395761407542,3.5
26.019468236426633,25.770395761407542,3.5
26.019468236426633,25.770395761407542,3.5
26.019468236426633,25.770395761407542,3.5
26.019468236426633,25.770395761407542,3.5
26.019468236426633,25.770395761407542,3.5
26.019468236426633,25.770395761407542,3.5
26.019468236426633,25.770395761407542,3.5
26.019468236426633,25.770395761407542,3.5
26.019468236426633,25.770395761407542,3.5
26.019468236426633,25.72044640016918,3.5
26.019468236426633,25.72044640016918,3.5
26.019468236426633,25.72044640016918,3.5
26.019468236426633,25.72044640016918,3.5
26.019468236426633,25.72044640016918,3.5
26.019468236426633,25.770395761407542,3.5
26.019468236426633,25.770395761407542,3.474311999999995
26.019468236426633,25.72044640016918,3.5
26.019468236426633,25.72044640016918,3.5
26.019468236426633,25.72044640016918,3.5
26.019468236426633,25.72044640016918,3.5
26.019468236426633,25.72044640016918,3.5
26.019468236426633,25.72044640016918,3.5
26.019468236426633,25.72044640016918,3.5
26.019468236426633,25.72044640016918,3.5
26.019468236426633,25.72044640016918,3.5
26.019468236426633,25.72044640016918,3.5
26.019468236426633,25.72044640016918,3.5
26.019468236426633,25.72044640016918,3.5
26.019468236426633,25.72044640016918,3.5
26.019468236426633,25.72044640016918,3.5
26.019468236426633,25.770395761407542,3.5
26.019468236426633,25.770395761407542,3.478215999999995
26.019468236426633,25.72044640016918,3.5
26.019468236426633,25.770395761407542,3.5
26.019468236426633,25.770395761407542,3.4789479999999946
26.019468236426633,25.72044640016918,3.5
26.019468236426633,25.72044640016918,3.5
26.019468236426633,25.770395761407542,3.5
26.019468236426633,25.770395761407542,3.4799239999999947
26.019468236426633,25.770395761407542,3.5
26.019468236426633,25.770395761407542,3.5
26.019468236426633,25.770395761407542,3.5
26.019468236426633,25.770395761407542,3.5
26.019468236426633,25.819347700907713,3.5
26.019468236426633,25.770395761407542,3.4504920000000037
26.019468236426633,25.770395761407542,3.5
26.019468236426633,25.770395761407542,3.5
26.019468236426633,25.770395761407542,3.5
26.019468236426633,25.770395761407542,3.5
26.019468236426633,25.770395761407542,3.5
26.019468236426633,25.770395761407542,3.5
26.019468236426633,25.819347700907713,3.5
26.019468236426633,25.770395761407542,3.452060000000004
26.019468236426633,25.819347700907713,3.5
26.019468236426633,25.770395761407542,3.4524520000000036
26.019468236426633,25.819347700907713,3.5
26.019468236426633,25.819347700907713,3.452844000000004
26.019468236426633,25.819347700907713,3.5
26.019468236426633,25.770395761407542,3.5
26.019468236426633,25.819347700907713,3.5
26.019468236426633,25.819347700907713,3.4536280000000037
26.019468236426633,25.819347700907713,3.5
26.019468236426633,25.819347700907713,3.5
26.019468236426633,25.819347700907713,3.5
26.019468236426633,25.869342276390967,3.5
26.019468236426633,25.819347700907713,3.4139559999999944
26.019468236426633,25.869342276390967,3.5
26.019468236426633,25.869342276390967,3.4142499999999947
26.019468236426633,25.869342276390967,3.5
26.019468236426633,25.869342276390967,3.5
26.019468236426633,25.869342276390967,3.5
26.019468236426633,25.869342276390967,3.5
26.019468236426633,25.869342276390967,3.5
26.019468236426633,25.869342276390967,3.5
26.019468236426633,25.869342276390967,3.5
26.019468236426633,25.869342276390967,3.5
26.019468236426633,25.869342276390967,3.5
26.019468236426633,25.91936028932139,3.5
26.019468236426633,25.91936028932139,3.3785780000000147
26.019468236426633,25.91936028932139,3.4532540000000167
26.019468236426633,25.91936028932139,3.5
26.019468236426633,25.91936028932139,3.5
26.019468236426633,25.91936028932139,3.5
26.019468236426633,25.91936028932139,3.5
26.019468236426633,25.91936028932139,3.5
26.019468236426633,25.969402141709622,3.5
26.019468236426633,25.969402141709622,3.341680999999996
26.019468236426633,25.969402141709622,3.379410999999997
26.019468236426633,25.969402141709622,3.417189999999998
26.019468236426633,25.969402141709622,3.455017999999999
26.019468236426633,25.969402141709622,3.492895
26.019468236426633,25.969402141709622,3.5
26.019468236426633,25.969402141709622,3.5
26.019468236426633,25.969402141709622,3.5
26.019468236426633,26.019468236426633,3.5
26.019468236426633,26.019468236426633,3.303999999999995
26.019468236426633,26.019468236426633,3.303999999999995
26.019468236426633,26.019468236426633,3.303999999999995
26.019468236426633,26.019468236426633,3.303999999999995
26.019468236426633,26.019468236426633,3.303999999999995
26.019468236426633,26.019468236426633,3.303999999999995
26.019468236426633,26.069558977223096,3.303999999999995
26.019468236426633,26.019468236426633,3.069534999999989
26.019468236426633,26.069558977223096,3.265534999999994
26.019468236426633,26.069558977223096,3.0309719999999882
26.019468236426633,26.069558977223096,2.9923599999999873
26.019468236426633,26.069558977223096,2.953698999999986
26.019468236426633,26.069558977223096,2.914988999999985
26.019468236426633,26.069558977223096,2.876229999999984
26.019468236426633,26.069558977223096,2.8374219999999832
26.019468236426633,26.069558977223096,2.798564999999982
26.019468236426633,26.11967476874895,2.759658999999981
26.019468236426633,26.11967476874895,2.4857489999999953
26.019468236426633,26.11967476874895,2.407740999999997
26.019468236426633,26.11967476874895,2.3296349999999983
26.019468236426633,26.11967476874895,2.2514309999999997
26.019468236426633,26.11967476874895,2.173129000000001
26.019468236426633,26.16981601657301,2.0947290000000027
26.019468236426633,26.16981601657301,1.7809819999999983
26.019468236426633,26.16981601657301,1.6630879999999988
26.019468236426633,26.16981601657301,1.5450469999999994
26.019468236426633,26.16981601657301,1.4268589999999999
26.019468236426633,26.16981601657301,1.3085240000000005
26.019468236426633,26.16981601657301,1.190042000000001
26.019468236426633,26.16981601657301,1.0714130000000015
26.019468236426633,26.16981601657301,0.9526370000000021
26.019468236426633,26.16981601657301,0.8337140000000026
26.019468236426633,26.16981601657301,0.7146440000000032
26.019468236426633,26.218959047412454,0.5954270000000037
26.019468236426633,26.218959047412454,0.24508700000000827
26.019468236426633,26.218959047412454,0.08655200000000945
26.019468236426633,26.218959047412454,0
26.019468236426633,26.218959047412454,0
26.019468236426633,26.218959047412454,0
26.019468236426633,26.218959047412454,0
26.019468236426633,26.218959047412454,0
26.019468236426633,26.218959047412454,0
26.019468236426633,26.218959047412454,0
26.019468236426633,26.26915188810716,0
26.019468236426633,26.26915188810716,0
26.019468236426633,26.26915188810716,0
26.019468236426633,26.26915188810716,0
26.019468236426633,26.26915188810716,0
26.019468236426633,26.26915188810716,0
26.019468236426633,26.26915188810716,0
26.019468236426633,26.26915188810716,0
26.019468236426633,26.26915188810716,0
26.019468236426633,26.31937139917318,0
26.019468236426633,26.26915188810716,0
26.019468236426633,26.26915188810716,0
26.019468236426633,26.26915188810716,0
26.019468236426633,26.26915188810716,0
26.019468236426633,26.26915188810716,0
26.019468236426633,26.26915188810716,0
26.019468236426633,26.31937139917318,0
26.019468236426633,26.31937139917318,0
26.019468236426633,26.31937139917318,0
26.019468236426633,26.26915188810716,0
26.019468236426633,26.31937139917318,0
26.019468236426633,26.31937139917318,0
26.019468236426633,26.26915188810716,0
26.019468236426633,26.26915188810716,0
26.019468236426633,26.26915188810716,0
26.019468236426633,26.26915188810716,0
26.019468236426633,26.26915188810716,0
26.019468236426633,26.26915188810716,0
26.019468236426633,26.26915188810716,0
26.019468236426633,26.26915188810716,0
26.019468236426633,26.26915188810716,0
26.019468236426633,26.26915188810716,0
26.019468236426633,26.26915188810716,0
26.019468236426633,26.26915188810716,0
26.019468236426633,26.26915188810716,0
26.019468236426633,26.31937139917318,0
26.019468236426633,26.26915188810716,0
26.019468236426633,26.26915188810716,0
26.019468236426633,26.26915188810716,0
26.019468236426633,26.26915188810716,0
26.019468236426633,26.26915188810716,0
26.019468236426633,26.26915188810716,0
26.019468236426633,26.26915188810716,0
26.019468236426633,26.26915188810716,0
26.019468236426633,26.26915188810716,0
26.019468236426633,26.26915188810716,0
26.019468236426633,26.26915188810716,0
26.019468236426633,26.26915188810716,0
26.019468236426633,26.26915188810716,0
26.019468236426633,26.26915188810716,0
26.019468236426633,26.26915188810716,0
26.019468236426633,26.26915188810716,0
26.019468236426633,26.26915188810716,0
26.019468236426633,26.218959047412454,0
26.019468236426633,26.218959047412454,0.025375000000006365
26.019468236426633,26.218959047412454,0
26.019468236426633,26.218959047412454,0
26.019468236426633,26.218959047412454,0
26.019468236426633,26.218959047412454,0
26.019468236426633,26.218959047412454,0
26.019468236426633,26.218959047412454,0
26.019468236426633,26.218959047412454,0
26.019468236426633,26.218959047412454,0
26.019468236426633,26.218959047412454,0
26.019468236426633,26.218959047412454,0
26.019468236426633,26.218959047412454,0
26.019468236426633,26.218959047412454,0
26.019468236426633,26.218959047412454,0
26.019468236426633,26.218959047412454,0
26.019468236426633,26.16981601657301,0
26.019468236426633,26.16981601657301,0.06102299999999719
26.019468236426633,26.16981601657301,0
26.019468236426633,26.16981601657301,0
26.019468236426633,26.16981601657301,0
26.019468236426633,26.16981601657301,0
26.019468236426633,26.16981601657301,0
26.019468236426633,26.11967476874895,0
26.019468236426633,26.16981601657301,0.10799600000000677
26.019468236426633,26.16981601657301,0
26.019468236426633,26.11967476874895,0
26.019468236426633,26.11967476874895,0.10770200000000678
26.019468236426633,26.11967476874895,0.01930600000000851
26.019468236426633,26.11967476874895,0
26.019468236426633,26.11967476874895,0
26.019468236426633,26.11967476874895,0
26.019468236426633,26.11967476874895,0
26.019468236426633,26.11967476874895,0
26.019468236426633,26.11967476874895,0
26.019468236426633,26.11967476874895,0
26.019468236426633,26.11967476874895,0
26.019468236426633,26.11967476874895,0
26.019468236426633,26.11967476874895,0
26.019468236426633,26.069558977223096,0
26.019468236426633,26.069558977223096,0.15121399999998614
26.019468236426633,26.069558977223096,0.10637899999998499
26.019468236426633,26.069558977223096,0.061494999999983826
26.019468236426633,26.069558977223096,0.016561999999982667
26.019468236426633,26.069558977223096,0
26.019468236426633,26.069558977223096,0
26.019468236426633,26.069558977223096,0
26.019468236426633,26.069558977223096,0
26.019468236426633,26.019468236426633,0
26.019468236426633,26.019468236426633,0.19600000000000506
26.019468236426633,26.069558977223096,0.19600000000000506
26.019468236426633,26.019468236426633,0
26.019468236426633,26.019468236426633,0.19600000000000506
26.019468236426633,26.019468236426633,0.19600000000000506
26.019468236426633,26.019468236426633,0.19600000000000506
26.019468236426633,26.019468236426633,0.19600000000000506
26.019468236426633,26.019468236426633,0.19600000000000506
26.019468236426633,26.019468236426633,0.19600000000000506
26.019468236426633,26.019468236426633,0.19600000000000506
26.019468236426633,25.969402141709622,0.19600000000000506
26.019468236426633,25.969402141709622,0.4377660000000113
26.019468236426633,25.969402141709622,0.4835810000000125
26.019468236426633,25.969402141709622,0.5294450000000137
26.019468236426633,25.969402141709622,0.5753580000000149
26.019468236426633,25.969402141709622,0.6213200000000161
26.019468236426633,25.969402141709622,0.6673310000000172
26.019468236426633,25.969402141709622,0.7133910000000184
26.019468236426633,25.969402141709622,0.7595000000000196
26.019468236426633,25.969402141709622,0.8056580000000207
26.019468236426633,25.91936028932139,0.851865000000022
26.019468236426633,25.969402141709622,1.1403770000000293
26.019468236426633,25.91936028932139,0.9906820000000254
26.019468236426633,25.91936028932139,1.279390000000033
26.019468236426633,25.91936028932139,1.3721960000000353
26.019468236426633,25.91936028932139,1.4651000000000376
26.019468236426633,25.91936028932139,1.55810200000004
26.019468236426633,25.91936028932139,1.6512020000000425
26.019468236426633,25.91936028932139,1.7444000000000448
26.019468236426633,25.91936028932139,1.8376960000000473
26.019468236426633,25.91936028932139,1.9310900000000497
26.019468236426633,25.91936028932139,2.024582000000052
26.019468236426633,25.91936028932139,2.1181720000000546
26.019468236426633,25.869342276390967,2.211860000000057
26.019468236426633,25.869342276390967,2.548539000000044
26.019468236426633,25.869342276390967,2.689365000000043
26.019468236426633,25.869342276390967,2.8303380000000424
26.019468236426633,25.869342276390967,2.971458000000042
26.019468236426633,25.869342276390967,3.112725000000041
26.019468236426633,25.869342276390967,3.2541390000000403
26.019468236426633,25.869342276390967,3.3957000000000397
26.019468236426633,25.869342276390967,3.5
26.019468236426633,25.869342276390967,3.5
26.019468236426633,25.869342276390967,3.5
26.019468236426633,25.819347700907713,3.5
26.019468236426633,25.819347700907713,3.5
26.019468236426633,25.819347700907713,3.5
26.019468236426633,25.819347700907713,3.5
26.019468236426633,25.819347700907713,3.5
26.019468236426633,25.819347700907713,3.5
26.019468236426633,25.819347700907713,3.5
26.019468236426633,25.819347700907713,3.5
26.019468236426633,25.819347700907713,3.5
26.019468236426633,25.819347700907713,3.5
26.019468236426633,25.819347700907713,3.5
26.019468236426633,25.819347700907713,3.5
26.019468236426633,25.819347700907713,3.5
26.019468236426633,25.819347700907713,3.5
26.019468236426633,25.770395761407542,3.5
26.019468236426633,25.770395761407542,3.5
26.019468236426633,25.770395761407542,3.5
26.019468236426633,25.770395761407542,3.5
26.019468236426633,25.770395761407542,3.5
26.019468236426633,25.770395761407542,3.5
26.019468236426633,25.770395761407542,3.5
26.019468236426633,25.770395761407542,3.5
26.019468236426633,25.770395761407542,3.5
26.019468236426633,25.770395761407542,3.5
26.019468236426633,25.770395761407542,3.5
26.019468236426633,25.770395761407542,3.5
26.019468236426633,25.770395761407542,3.5
26.019468236426633,25.770395761407542,3.5
26.019468236426633,25.770395761407542,3.5
26.019468236426633,25.819347700907713,3.5
26.019468236426633,25.770395761407542,3.5
26.019468236426633,25.770395761407542,3.5
26.019468236426633,25.770395761407542,3.5
26.019468236426633,25.770395761407542,3.5
26.019468236426633,25.770395761407542,3.5
26.019468236426633,25.770395761407542,3.5
26.019468236426633,25.770395761407542,3.5
26.019468236426633,25.770395761407542,3.5
26.019468236426633,25.770395761407542,3.5
26.019468236426633,25.770395761407542,3.5
26.019468236426633,25.770395761407542,3.5
26.019468236426633,25.770395761407542,3.5
26.019468236426633,25.770395761407542,3.5
26.019468236426633,25.770395761407542,3.5
26.019468236426633,25.770395761407542,3.5
26.019468236426633,25.770395761407542,3.5
26.019468236426633,25.770395761407542,3.5
26.019468236426633,25.770395761407542,3.5
26.019468236426633,25.770395761407542,3.5
26.019468236426633,25.819347700907713,3.5
26.019468236426633,25.770395761407542,3.5
26.019468236426633,25.819347700907713,3.5
26.019468236426633,25.770395761407542,3.5
26.019468236426633,25.819347700907713,3.5
26.019468236426633,25.819347700907713,3.5
26.019468236426633,25.819347700907713,3.5
26.019468236426633,25.819347700907713,3.5
26.019468236426633,25.819347700907713,3.5
26.019468236426633,25.819347700907713,3.5
26.019468236426633,25.819347700907713,3.5
26.019468236426633,25.819347700907713,3.5
26.019468236426633,25.869342276390967,3.5
26.019468236426633,25.819347700907713,3.455262999999994
26.019468236426633,25.819347700907713,3.5
26.019468236426633,25.819347700907713,3.5
26.019468236426633,25.869342276390967,3.5
26.019468236426633,25.869342276390967,3.4558509999999942
26.019468236426633,25.869342276390967,3.5
26.019468236426633,25.869342276390967,3.5
26.019468236426633,25.869342276390967,3.5
26.019468236426633,25.869342276390967,3.5
26.019468236426633,25.869342276390967,3.5
26.019468236426633,25.869342276390967,3.5
26.019468236426633,25.869342276390967,3.5
26.019468236426633,25.91936028932139,3.5
26.019468236426633,25.869342276390967,3.4061160000000155
26.019468236426633,25.869342276390967,3.5
26.019468236426633,25.91936028932139,3.5
26.019468236426633,25.91936028932139,3.4064100000000153
26.019468236426633,25.91936028932139,3.5
26.019468236426633,25.91936028932139,3.5
26.019468236426633,25.91936028932139,3.5
26.019468236426633,25.91936028932139,3.5
26.019468236426633,25.91936028932139,3.5
26.019468236426633,25.91936028932139,3.5
26.019468236426633,25.91936028932139,3.5
26.019468236426633,25.969402141709622,3.5
26.019468236426633,25.969402141709622,3.355645999999996
26.019468236426633,25.969402141709622,3.4073409999999975
26.019468236426633,25.969402141709622,3.4590849999999986
26.019468236426633,25.969402141709622,3.5
26.019468236426633,25.969402141709622,3.5
26.019468236426633,25.969402141709622,3.5
26.019468236426633,26.019468236426633,3.5
26.019468236426633,25.969402141709622,3.303999999999995
26.019468236426633,26.019468236426633,3.5
26.019468236426633,26.019468236426633,3.303999999999995
26.019468236426633,26.019468236426633,3.303999999999995
26.019468236426633,26.019468236426633,3.303999999999995
26.019468236426633,26.019468236426633,3.303999999999995
26.019468236426633,26.019468236426633,3.303999999999995
26.019468236426633,26.019468236426633,3.303999999999995
26.019468236426633,26.069558977223096,3.303999999999995
26.019468236426633,26.069558977223096,3.0555699999999884
26.019468236426633,26.069558977223096,3.003090999999987
26.019468236426633,26.069558977223096,2.9505629999999856
26.019468236426633,26.069558977223096,2.8979859999999844
26.019468236426633,26.069558977223096,2.845359999999983
26.019468236426633,26.069558977223096,2.792684999999982
26.019468236426633,26.069558977223096,2.7399609999999806
26.019468236426633,26.069558977223096,2.687187999999979
26.019468236426633,26.11967476874895,2.634365999999978
26.019468236426633,26.11967476874895,2.3326239999999925
26.019468236426633,26.11967476874895,2.2267839999999945
26.019468236426633,26.11967476874895,2.1208459999999967
26.019468236426633,26.11967476874895,2.014809999999999
26.019468236426633,26.11967476874895,1.908676000000001
26.019468236426633,26.11967476874895,1.802444000000003
26.019468236426633,26.11967476874895,1.696114000000005
26.019468236426633,26.11967476874895,1.589686000000007
26.019468236426633,26.16981601657301,1.4831600000000091
26.019468236426633,26.16981601657301,1.1272240000000049
26.019468236426633,26.16981601657301,0.9671410000000056
26.019468236426633,26.16981601657301,0.8069110000000063
26.019468236426633,26.16981601657301,0.6465340000000069
26.019468236426633,26.16981601657301,0.4860100000000076
26.019468236426633,26.16981601657301,0.3253390000000083
26.019468236426633,26.16981601657301,0.16452100000000902
26.019468236426633,26.16981601657301,0.003556000000009718
26.019468236426633,26.218959047412454,0
26.019468236426633,26.218959047412454,0
26.019468236426633,26.218959047412454,0
26.019468236426633,26.218959047412454,0
26.019468236426633,26.218959047412454,0
26.019468236426633,26.218959047412454,0
26.019468236426633,26.218959047412454,0
26.019468236426633,26.218959047412454,0
26.019468236426633,26.218959047412454,0
26.019468236426633,26.218959047412454,0
26.019468236426633,26.218959047412454,0
26.019468236426633,26.218959047412454,0
26.019468236426633,26.218959047412454,0
26.019468236426633,26.218959047412454,0
26.019468236426633,26.26915188810716,0
26.019468236426633,26.26915188810716,0
26.019468236426633,26.26915188810716,0
26.019468236426633,26.26915188810716,0
26.019468236426633,26.26915188810716,0
26.019468236426633,26.26915188810716,0
26.019468236426633,26.26915188810716,0
26.019468236426633,26.26915188810716,0
26.019468236426633,26.26915188810716,0
26.019468236426633,26.26915188810716,0
26.019468236426633,26.26915188810716,0
26.019468236426633,26.26915188810716,0
26.019468236426633,26.26915188810716,0
26.019468236426633,26.26915188810716,0
26.019468236426633,26.26915188810716,0
26.019468236426633,26.26915188810716,0
26.019468236426633,26.26915188810716,0
26.019468236426633,26.26915188810716,0
26.019468236426633,26.26915188810716,0
26.019468236426633,26.26915188810716,0
26.019468236426633,26.26915188810716,0
26.019468236426633,26.26915188810716,0
26.019468236426633,26.26915188810716,0
26.019468236426633,26.26915188810716,0
26.019468236426633,26.26915188810716,0
26.019468236426633,26.26915188810716,0
26.019468236426633,26.26915188810716,0
26.019468236426633,26.26915188810716,0
26.019468236426633,26.26915188810716,0
26.019468236426633,26.26915188810716,0
26.019468236426633,26.26915188810716,0
26.019468236426633,26.26915188810716,0
26.019468236426633,26.26915188810716,0
26.019468236426633,26.26915188810716,0
26.019468236426633,26.26915188810716,0
26.019468236426633,26.26915188810716,0
26.019468236426633,26.26915188810716,0
26.019468236426633,26.218959047412454,0
26.019468236426633,26.218959047412454,0
26.019468236426633,26.218959047412454,0
26.019468236426633,26.218959047412454,0
26.019468236426633,26.218959047412454,0
26.019468236426633,26.218959047412454,0
26.019468236426633,26.218959047412454,0
26.019468236426633,26.218959047412454,0
26.019468236426633,26.218959047412454,0
26.019468236426633,26.218959047412454,0
26.019468236426633,26.218959047412454,0
26.019468236426633,26.218959047412454,0
26.019468236426633,26.218959047412454,0
26.019468236426633,26.218959047412454,0
26.019468236426633,26.16981601657301,0
26.019468236426633,26.16981601657301,0.021185999999997346
26.019468236426633,26.16981601657301,0
26.019468236426633,26.16981601657301,0
26.019468236426633,26.16981601657301,0
26.019468236426633,26.16981601657301,0
26.019468236426633,26.16981601657301,0
26.019468236426633,26.16981601657301,0
26.019468236426633,26.16981601657301,0
26.019468236426633,26.16981601657301,0
26.019468236426633,26.11967476874895,0
26.019468236426633,26.16981601657301,0.0811440000000073
26.019468236426633,26.11967476874895,0
26.019468236426633,26.11967476874895,0.0809480000000073
26.019468236426633,26.11967476874895,0
26.019468236426633,26.11967476874895,0
26.019468236426633,26.11967476874895,0
26.019468236426633,26.11967476874895,0
26.019468236426633,26.11967476874895,0
26.019468236426633,26.11967476874895,0
26.019468236426633,26.11967476874895,0
26.019468236426633,26.11967476874895,0
26.019468236426633,26.11967476874895,0
26.019468236426633,26.11967476874895,0
26.019468236426633,26.069558977223096,0
26.019468236426633,26.069558977223096,0.1378859999999858
26.019468236426633,26.069558977223096,0.07972299999998429
26.019468236426633,26.069558977223096,0.021510999999982787
26.019468236426633,26.069558977223096,0
26.019468236426633,26.069558977223096,0
26.019468236426633,26.069558977223096,0
26.019468236426633,26.069558977223096,0
26.019468236426633,26.069558977223096,0
26.019468236426633,26.069558977223096,0
26.019468236426633,26.069558977223096,0
26.019468236426633,26.019468236426633,0
26.019468236426633,26.019468236426633,0.19600000000000506
26.019468236426633,26.019468236426633,0.19600000000000506
26.019468236426633,26.019468236426633,0.19600000000000506
26.019468236426633,26.019468236426633,0.19600000000000506
26.019468236426633,26.019468236426633,0.19600000000000506
26.019468236426633,26.019468236426633,0.19600000000000506
26.019468236426633,26.019468236426633,0.19600000000000506
26.019468236426633,26.019468236426633,0.19600000000000506
26.019468236426633,26.019468236426633,0.19600000000000506
26.019468236426633,26.019468236426633,0.19600000000000506
26.019468236426633,25.969402141709622,0.19600000000000506
26.019468236426633,25.969402141709622,0.45119200000001164
26.019468236426633,25.969402141709622,0.5104330000000131
26.019468236426633,25.969402141709622,0.5697230000000146
26.019468236426633,25.969402141709622,0.6290620000000162
26.019468236426633,25.969402141709622,0.6884500000000178
26.019468236426633,25.969402141709622,0.7478870000000193
26.019468236426633,25.969402141709622,0.8073730000000208
26.019468236426633,25.969402141709622,0.8669080000000223
26.019468236426633,25.969402141709622,0.9264920000000239
26.019468236426633,25.91936028932139,0.9861250000000253
26.019468236426633,25.91936028932139,1.3014890000000334
26.019468236426633,25.91936028932139,1.4209510000000365
26.019468236426633,25.91936028932139,1.5405110000000395
26.019468236426633,25.91936028932139,1.6601690000000426
26.019468236426633,25.91936028932139,1.7799250000000457
26.019468236426633,25.91936028932139,1.8997790000000487
26.019468236426633,25.91936028932139,2.0197310000000517
26.019468236426633,25.91936028932139,2.139781000000055
26.019468236426633,25.91936028932139,2.259929000000058
26.019468236426633,25.91936028932139,2.3801750000000608
26.019468236426633,25.869342276390967,2.5005190000000637
26.019468236426633,25.869342276390967,2.87718200000005
26.019468236426633,25.869342276390967,3.0579920000000493
26.019468236426633,25.869342276390967,3.2389490000000487
26.019468236426633,25.91936028932139,3.4200530000000477
26.019468236426633,25.869342276390967,3.3448870000000634
26.019468236426633,25.869342276390967,3.5
26.019468236426633,25.869342276390967,3.5
26.019468236426633,25.869342276390967,3.5
26.019468236426633,25.869342276390967,3.5
26.019468236426633,25.869342276390967,3.5
26.019468236426633,25.869342276390967,3.5
26.019468236426633,25.819347700907713,3.5
26.019468236426633,25.869342276390967,3.5
26.019468236426633,25.819347700907713,3.4865739999999943
26.019468236426633,25.869342276390967,3.5
26.019468236426633,25.819347700907713,3.486867999999994
26.019468236426633,25.819347700907713,3.5
26.019468236426633,25.819347700907713,3.5
26.019468236426633,25.819347700907713,3.5
26.019468236426633,25.819347700907713,3.5
26.019468236426633,25.819347700907713,3.5
26.019468236426633,25.819347700907713,3.5
26.019468236426633,25.819347700907713,3.5
26.019468236426633,25.770395761407542,3.5
26.019468236426633,25.819347700907713,3.5
26.019468236426633,25.770395761407542,3.5
26.019468236426633,25.819347700907713,3.5
26.019468236426633,25.770395761407542,3.5
26.019468236426633,25.770395761407542,3.5
26.019468236426633,25.770395761407542,3.5
26.019468236426633,25.770395761407542,3.5
26.019468236426633,25.770395761407542,3.5
26.019468236426633,25.770395761407542,3.5
26.019468236426633,25.770395761407542,3.5
26.019468236426633,25.770395761407542,3.5
26.019468236426633,25.770395761407542,3.5
26.019468236426633,25.770395761407542,3.5
26.019468236426633,25.770395761407542,3.5
26.019468236426633,25.819347700907713,3.5
26.019468236426633,25.770395761407542,3.5
26.019468236426633,25.770395761407542,3.5
26.019468236426633,25.770395761407542,3.5
26.019468236426633,25.770395761407542,3.5
26.019468236426633,25.770395761407542,3.5
26.019468236426633,25.770395761407542,3.5
26.019468236426633,25.770395761407542,3.5
26.019468236426633,25.770395761407542,3.5
26.019468236426633,25.770395761407542,3.5
26.019468236426633,25.770395761407542,3.5
26.019468236426633,25.770395761407542,3.5
26.019468236426633,25.770395761407542,3.5
26.019468236426633,25.770395761407542,3.5
26.019468236426633,25.770395761407542,3.5
26.019468236426633,25.770395761407542,3.5
26.019468236426633,25.770395761407542,3.5
26.019468236426633,25.770395761407542,3.5
26.019468236426633,25.770395761407542,3.5
26.019468236426633,25.770395761407542,3.5
26.019468236426633,25.770395761407542,3.5
26.019468236426633,25.819347700907713,3.5
26.019468236426633,25.770395761407542,3.5
26.019468236426633,25.819347700907713,3.5
26.019468236426633,25.819347700907713,3.5
26.019468236426633,25.819347700907713,3.5
26.019468236426633,25.819347700907713,3.5
26.019468236426633,25.819347700907713,3.5
26.019468236426633,25.819347700907713,3.5
26.019468236426633,25.819347700907713,3.5
26.019468236426633,25.819347700907713,3.5
26.019468236426633,25.819347700907713,3.5
26.019468236426633,25.819347700907713,3.5
26.019468236426633,25.91936028932139,3.5
26.019468236426633,25.869342276390967,3.235498000000011
26.019468236426633,25.819347700907713,3.5
26.019468236426633,25.869342276390967,3.5
26.019468236426633,25.869342276390967,3.495687999999994
26.019468236426633,25.869342276390967,3.5
26.019468236426633,25.869342276390967,3.5
26.019468236426633,25.869342276390967,3.5
26.019468236426633,25.869342276390967,3.5
26.019468236426633,25.869342276390967,3.5
26.019468236426633,25.869342276390967,3.5
26.019468236426633,25.869342276390967,3.5
26.019468236426633,25.869342276390967,3.5
26.019468236426633,25.869342276390967,3.5
26.019468236426633,25.869342276390967,3.5
26.019468236426633,25.91936028932139,3.5
26.019468236426633,25.91936028932139,3.4329680000000162
26.019468236426633,25.91936028932139,3.5
26.019468236426633,25.91936028932139,3.5
26.019468236426633,25.91936028932139,3.5
26.019468236426633,25.91936028932139,3.5
26.019468236426633,25.91936028932139,3.5
26.019468236426633,25.969402141709622,3.5
26.019468236426633,25.969402141709622,3.3688269999999965
26.019468236426633,25.969402141709622,3.433702999999998
26.019468236426633,25.969402141709622,3.498628
26.019468236426633,25.969402141709622,3.5
26.019468236426633,25.91936028932139,3.5
26.019468236426633,25.969402141709622,3.5
26.019468236426633,25.969402141709622,3.3691209999999967
26.019468236426633,25.969402141709622,3.434290999999998
26.019468236426633,26.019468236426633,3.49951
26.019468236426633,26.019468236426633,3.303509999999995
26.019468236426633,26.069558977223096,3.303509999999995
26.019468236426633,26.019468236426633,3.042143999999988
26.019468236426633,26.019468236426633,3.238143999999993
26.019468236426633,26.019468236426633,3.238143999999993
26.019468236426633,26.019468236426633,3.238143999999993
26.019468236426633,26.019468236426633,3.238143999999993
26.019468236426633,26.019468236426633,3.238143999999993
26.019468236426633,26.069558977223096,3.238143999999993
26.019468236426633,26.019468236426633,2.976434999999986
26.019468236426633,26.069558977223096,3.1724349999999912
26.019468236426633,26.069558977223096,2.9106279999999844
26.019468236426633,26.069558977223096,2.844771999999983
26.019468236426633,26.069558977223096,2.7788669999999813
26.019468236426633,26.069558977223096,2.7129129999999795
26.019468236426633,26.11967476874895,2.646909999999978
26.019468236426633,26.11967476874895,2.3188059999999933
26.019468236426633,26.11967476874895,2.186603999999996
26.019468236426633,26.11967476874895,2.0543039999999984
26.019468236426633,26.11967476874895,1.921906000000001
26.019468236426633,26.11967476874895,1.7894100000000035
26.019468236426633,26.11967476874895,1.656816000000006
26.019468236426633,26.11967476874895,1.5241240000000087
26.019468236426633,26.11967476874895,1.3913340000000112
26.019468236426633,26.11967476874895,1.2584460000000137
26.019468236426633,26.11967476874895,1.1254600000000163
26.019468236426633,26.11967476874895,0.9923760000000189
26.019468236426633,26.16981601657301,0.8591940000000216
26.019468236426633,26.16981601657301,0.4632740000000174
26.019468236426633,26.16981601657301,0.2632070000000183
26.019468236426633,26.16981601657301,0.06299300000001914
26.019468236426633,26.16981601657301,0
26.019468236426633,26.16981601657301,0
26.019468236426633,26.218959047412454,0
26.019468236426633,26.16981601657301,0
26.019468236426633,26.218959047412454,0
26.019468236426633,26.218959047412454,0
26.019468236426633,26.218959047412454,0
26.019468236426633,26.218959047412454,0
26.019468236426633,26.218959047412454,0
26.019468236426633,26.218959047412454,0
26.019468236426633,26.218959047412454,0
26.019468236426633,26.218959047412454,0
26.019468236426633,26.218959047412454,0
26.019468236426633,26.218959047412454,0
26.019468236426633,26.26915188810716,0
26.019468236426633,26.26915188810716,0
26.019468236426633,26.26915188810716,0
26.019468236426633,26.26915188810716,0
26.019468236426633,26.26915188810716,0
26.019468236426633,26.26915188810716,0
26.019468236426633,26.26915188810716,0
26.019468236426633,26.26915188810716,0
26.019468236426633,26.26915188810716,0
26.019468236426633,26.26915188810716,0
26.019468236426633,26.31937139917318,0
26.019468236426633,26.26915188810716,0
26.019468236426633,26.26915188810716,0
26.019468236426633,26.26915188810716,0
26.019468236426633,26.26915188810716,0
26.019468236426633,26.26915188810716,0
26.019468236426633,26.26915188810716,0
26.019468236426633,26.31937139917318,0
26.019468236426633,26.31937139917318,0
26.019468236426633,26.31937139917318,0
26.019468236426633,26.26915188810716,0
26.019468236426633,26.31937139917318,0
26.019468236426633,26.31937139917318,0
